--
-- PostgreSQL database dump
--

-- Dumped from database version 15.4 (Ubuntu 15.4-0ubuntu0.23.04.1)
-- Dumped by pg_dump version 15.4 (Ubuntu 15.4-0ubuntu0.23.04.1)

SET statement_timeout = 0;
SET lock_timeout = 0;
SET idle_in_transaction_session_timeout = 0;
SET client_encoding = 'UTF8';
SET standard_conforming_strings = on;
SELECT pg_catalog.set_config('search_path', '', false);
SET check_function_bodies = false;
SET xmloption = content;
SET client_min_messages = warning;
SET row_security = off;

--
-- Name: call_center_db; Type: SCHEMA; Schema: -; Owner: call_center_user
--

CREATE SCHEMA call_center_db;


ALTER SCHEMA call_center_db OWNER TO call_center_user;

SET default_tablespace = '';

SET default_table_access_method = heap;

--
-- Name: auth_group; Type: TABLE; Schema: public; Owner: call_center_user
--

CREATE TABLE public.auth_group (
    id integer NOT NULL,
    name character varying(150) NOT NULL
);


ALTER TABLE public.auth_group OWNER TO call_center_user;

--
-- Name: auth_group_id_seq; Type: SEQUENCE; Schema: public; Owner: call_center_user
--

ALTER TABLE public.auth_group ALTER COLUMN id ADD GENERATED BY DEFAULT AS IDENTITY (
    SEQUENCE NAME public.auth_group_id_seq
    START WITH 1
    INCREMENT BY 1
    NO MINVALUE
    NO MAXVALUE
    CACHE 1
);


--
-- Name: auth_group_permissions; Type: TABLE; Schema: public; Owner: call_center_user
--

CREATE TABLE public.auth_group_permissions (
    id bigint NOT NULL,
    group_id integer NOT NULL,
    permission_id integer NOT NULL
);


ALTER TABLE public.auth_group_permissions OWNER TO call_center_user;

--
-- Name: auth_group_permissions_id_seq; Type: SEQUENCE; Schema: public; Owner: call_center_user
--

ALTER TABLE public.auth_group_permissions ALTER COLUMN id ADD GENERATED BY DEFAULT AS IDENTITY (
    SEQUENCE NAME public.auth_group_permissions_id_seq
    START WITH 1
    INCREMENT BY 1
    NO MINVALUE
    NO MAXVALUE
    CACHE 1
);


--
-- Name: auth_permission; Type: TABLE; Schema: public; Owner: call_center_user
--

CREATE TABLE public.auth_permission (
    id integer NOT NULL,
    name character varying(255) NOT NULL,
    content_type_id integer NOT NULL,
    codename character varying(100) NOT NULL
);


ALTER TABLE public.auth_permission OWNER TO call_center_user;

--
-- Name: auth_permission_id_seq; Type: SEQUENCE; Schema: public; Owner: call_center_user
--

ALTER TABLE public.auth_permission ALTER COLUMN id ADD GENERATED BY DEFAULT AS IDENTITY (
    SEQUENCE NAME public.auth_permission_id_seq
    START WITH 1
    INCREMENT BY 1
    NO MINVALUE
    NO MAXVALUE
    CACHE 1
);


--
-- Name: auth_user; Type: TABLE; Schema: public; Owner: call_center_user
--

CREATE TABLE public.auth_user (
    id integer NOT NULL,
    password character varying(128) NOT NULL,
    last_login timestamp with time zone,
    is_superuser boolean NOT NULL,
    username character varying(150) NOT NULL,
    first_name character varying(150) NOT NULL,
    last_name character varying(150) NOT NULL,
    email character varying(254) NOT NULL,
    is_staff boolean NOT NULL,
    is_active boolean NOT NULL,
    date_joined timestamp with time zone NOT NULL
);


ALTER TABLE public.auth_user OWNER TO call_center_user;

--
-- Name: auth_user_groups; Type: TABLE; Schema: public; Owner: call_center_user
--

CREATE TABLE public.auth_user_groups (
    id bigint NOT NULL,
    user_id integer NOT NULL,
    group_id integer NOT NULL
);


ALTER TABLE public.auth_user_groups OWNER TO call_center_user;

--
-- Name: auth_user_groups_id_seq; Type: SEQUENCE; Schema: public; Owner: call_center_user
--

ALTER TABLE public.auth_user_groups ALTER COLUMN id ADD GENERATED BY DEFAULT AS IDENTITY (
    SEQUENCE NAME public.auth_user_groups_id_seq
    START WITH 1
    INCREMENT BY 1
    NO MINVALUE
    NO MAXVALUE
    CACHE 1
);


--
-- Name: auth_user_id_seq; Type: SEQUENCE; Schema: public; Owner: call_center_user
--

ALTER TABLE public.auth_user ALTER COLUMN id ADD GENERATED BY DEFAULT AS IDENTITY (
    SEQUENCE NAME public.auth_user_id_seq
    START WITH 1
    INCREMENT BY 1
    NO MINVALUE
    NO MAXVALUE
    CACHE 1
);


--
-- Name: auth_user_user_permissions; Type: TABLE; Schema: public; Owner: call_center_user
--

CREATE TABLE public.auth_user_user_permissions (
    id bigint NOT NULL,
    user_id integer NOT NULL,
    permission_id integer NOT NULL
);


ALTER TABLE public.auth_user_user_permissions OWNER TO call_center_user;

--
-- Name: auth_user_user_permissions_id_seq; Type: SEQUENCE; Schema: public; Owner: call_center_user
--

ALTER TABLE public.auth_user_user_permissions ALTER COLUMN id ADD GENERATED BY DEFAULT AS IDENTITY (
    SEQUENCE NAME public.auth_user_user_permissions_id_seq
    START WITH 1
    INCREMENT BY 1
    NO MINVALUE
    NO MAXVALUE
    CACHE 1
);


--
-- Name: bouquet_application; Type: TABLE; Schema: public; Owner: call_center_user
--

CREATE TABLE public.bouquet_application (
    bouquet_application_id integer NOT NULL,
    bouquet_id integer NOT NULL,
    application_id integer NOT NULL,
    quantity integer NOT NULL
);


ALTER TABLE public.bouquet_application OWNER TO call_center_user;

--
-- Name: bouquet_request_bouquet_request_id_seq; Type: SEQUENCE; Schema: public; Owner: call_center_user
--

CREATE SEQUENCE public.bouquet_request_bouquet_request_id_seq
    AS integer
    START WITH 1
    INCREMENT BY 1
    NO MINVALUE
    NO MAXVALUE
    CACHE 1;


ALTER TABLE public.bouquet_request_bouquet_request_id_seq OWNER TO call_center_user;

--
-- Name: bouquet_request_bouquet_request_id_seq; Type: SEQUENCE OWNED BY; Schema: public; Owner: call_center_user
--

ALTER SEQUENCE public.bouquet_request_bouquet_request_id_seq OWNED BY public.bouquet_application.bouquet_application_id;


--
-- Name: bouquet_type; Type: TABLE; Schema: public; Owner: call_center_user
--

CREATE TABLE public.bouquet_type (
    bouquet_id integer NOT NULL,
    name character varying(30) NOT NULL,
    description character varying(500),
    price numeric(30,2) NOT NULL,
    image_url character varying(100),
    status character varying(20) NOT NULL
);


ALTER TABLE public.bouquet_type OWNER TO call_center_user;

--
-- Name: bouquet_type_bouquet_id_seq; Type: SEQUENCE; Schema: public; Owner: call_center_user
--

CREATE SEQUENCE public.bouquet_type_bouquet_id_seq
    AS integer
    START WITH 1
    INCREMENT BY 1
    NO MINVALUE
    NO MAXVALUE
    CACHE 1;


ALTER TABLE public.bouquet_type_bouquet_id_seq OWNER TO call_center_user;

--
-- Name: bouquet_type_bouquet_id_seq; Type: SEQUENCE OWNED BY; Schema: public; Owner: call_center_user
--

ALTER SEQUENCE public.bouquet_type_bouquet_id_seq OWNED BY public.bouquet_type.bouquet_id;


--
-- Name: django_admin_log; Type: TABLE; Schema: public; Owner: call_center_user
--

CREATE TABLE public.django_admin_log (
    id integer NOT NULL,
    action_time timestamp with time zone NOT NULL,
    object_id text,
    object_repr character varying(200) NOT NULL,
    action_flag smallint NOT NULL,
    change_message text NOT NULL,
    content_type_id integer,
    user_id integer NOT NULL,
    CONSTRAINT django_admin_log_action_flag_check CHECK ((action_flag >= 0))
);


ALTER TABLE public.django_admin_log OWNER TO call_center_user;

--
-- Name: django_admin_log_id_seq; Type: SEQUENCE; Schema: public; Owner: call_center_user
--

ALTER TABLE public.django_admin_log ALTER COLUMN id ADD GENERATED BY DEFAULT AS IDENTITY (
    SEQUENCE NAME public.django_admin_log_id_seq
    START WITH 1
    INCREMENT BY 1
    NO MINVALUE
    NO MAXVALUE
    CACHE 1
);


--
-- Name: django_content_type; Type: TABLE; Schema: public; Owner: call_center_user
--

CREATE TABLE public.django_content_type (
    id integer NOT NULL,
    app_label character varying(100) NOT NULL,
    model character varying(100) NOT NULL
);


ALTER TABLE public.django_content_type OWNER TO call_center_user;

--
-- Name: django_content_type_id_seq; Type: SEQUENCE; Schema: public; Owner: call_center_user
--

ALTER TABLE public.django_content_type ALTER COLUMN id ADD GENERATED BY DEFAULT AS IDENTITY (
    SEQUENCE NAME public.django_content_type_id_seq
    START WITH 1
    INCREMENT BY 1
    NO MINVALUE
    NO MAXVALUE
    CACHE 1
);


--
-- Name: django_migrations; Type: TABLE; Schema: public; Owner: call_center_user
--

CREATE TABLE public.django_migrations (
    id bigint NOT NULL,
    app character varying(255) NOT NULL,
    name character varying(255) NOT NULL,
    applied timestamp with time zone NOT NULL
);


ALTER TABLE public.django_migrations OWNER TO call_center_user;

--
-- Name: django_migrations_id_seq; Type: SEQUENCE; Schema: public; Owner: call_center_user
--

ALTER TABLE public.django_migrations ALTER COLUMN id ADD GENERATED BY DEFAULT AS IDENTITY (
    SEQUENCE NAME public.django_migrations_id_seq
    START WITH 1
    INCREMENT BY 1
    NO MINVALUE
    NO MAXVALUE
    CACHE 1
);


--
-- Name: django_session; Type: TABLE; Schema: public; Owner: call_center_user
--

CREATE TABLE public.django_session (
    session_key character varying(40) NOT NULL,
    session_data text NOT NULL,
    expire_date timestamp with time zone NOT NULL
);


ALTER TABLE public.django_session OWNER TO call_center_user;

--
-- Name: service_application; Type: TABLE; Schema: public; Owner: call_center_user
--

CREATE TABLE public.service_application (
    application_id integer NOT NULL,
    manager_id integer NOT NULL,
    packer_id integer,
    courier_id integer,
    client_name character varying(30),
    client_phone character varying(20),
    client_address character varying(100),
    receiving_date timestamp without time zone,
    delivery_date timestamp without time zone,
    completion_date timestamp without time zone,
    status character varying(10) NOT NULL
);


ALTER TABLE public.service_application OWNER TO call_center_user;

--
-- Name: service_request_request_id_seq; Type: SEQUENCE; Schema: public; Owner: call_center_user
--

CREATE SEQUENCE public.service_request_request_id_seq
    AS integer
    START WITH 1
    INCREMENT BY 1
    NO MINVALUE
    NO MAXVALUE
    CACHE 1;


ALTER TABLE public.service_request_request_id_seq OWNER TO call_center_user;

--
-- Name: service_request_request_id_seq; Type: SEQUENCE OWNED BY; Schema: public; Owner: call_center_user
--

ALTER SEQUENCE public.service_request_request_id_seq OWNED BY public.service_application.application_id;


--
-- Name: users; Type: TABLE; Schema: public; Owner: call_center_user
--

CREATE TABLE public.users (
    user_id integer NOT NULL,
    name character varying(30) NOT NULL,
    phone character varying(20) NOT NULL,
    email character varying(30),
    "position" character varying(20) NOT NULL,
    status character varying(20) NOT NULL,
    login character varying(15) NOT NULL,
    password character varying(20) NOT NULL
);


ALTER TABLE public.users OWNER TO call_center_user;

--
-- Name: users_user_id_seq; Type: SEQUENCE; Schema: public; Owner: call_center_user
--

CREATE SEQUENCE public.users_user_id_seq
    AS integer
    START WITH 1
    INCREMENT BY 1
    NO MINVALUE
    NO MAXVALUE
    CACHE 1;


ALTER TABLE public.users_user_id_seq OWNER TO call_center_user;

--
-- Name: users_user_id_seq; Type: SEQUENCE OWNED BY; Schema: public; Owner: call_center_user
--

ALTER SEQUENCE public.users_user_id_seq OWNED BY public.users.user_id;


--
-- Name: bouquet_application bouquet_application_id; Type: DEFAULT; Schema: public; Owner: call_center_user
--

ALTER TABLE ONLY public.bouquet_application ALTER COLUMN bouquet_application_id SET DEFAULT nextval('public.bouquet_request_bouquet_request_id_seq'::regclass);


--
-- Name: bouquet_type bouquet_id; Type: DEFAULT; Schema: public; Owner: call_center_user
--

ALTER TABLE ONLY public.bouquet_type ALTER COLUMN bouquet_id SET DEFAULT nextval('public.bouquet_type_bouquet_id_seq'::regclass);


--
-- Name: service_application application_id; Type: DEFAULT; Schema: public; Owner: call_center_user
--

ALTER TABLE ONLY public.service_application ALTER COLUMN application_id SET DEFAULT nextval('public.service_request_request_id_seq'::regclass);


--
-- Name: users user_id; Type: DEFAULT; Schema: public; Owner: call_center_user
--

ALTER TABLE ONLY public.users ALTER COLUMN user_id SET DEFAULT nextval('public.users_user_id_seq'::regclass);


--
-- Data for Name: auth_group; Type: TABLE DATA; Schema: public; Owner: call_center_user
--

COPY public.auth_group (id, name) FROM stdin;
\.


--
-- Data for Name: auth_group_permissions; Type: TABLE DATA; Schema: public; Owner: call_center_user
--

COPY public.auth_group_permissions (id, group_id, permission_id) FROM stdin;
\.


--
-- Data for Name: auth_permission; Type: TABLE DATA; Schema: public; Owner: call_center_user
--

COPY public.auth_permission (id, name, content_type_id, codename) FROM stdin;
1	Can add log entry	1	add_logentry
2	Can change log entry	1	change_logentry
3	Can delete log entry	1	delete_logentry
4	Can view log entry	1	view_logentry
5	Can add permission	2	add_permission
6	Can change permission	2	change_permission
7	Can delete permission	2	delete_permission
8	Can view permission	2	view_permission
9	Can add group	3	add_group
10	Can change group	3	change_group
11	Can delete group	3	delete_group
12	Can view group	3	view_group
13	Can add user	4	add_user
14	Can change user	4	change_user
15	Can delete user	4	delete_user
16	Can view user	4	view_user
17	Can add content type	5	add_contenttype
18	Can change content type	5	change_contenttype
19	Can delete content type	5	delete_contenttype
20	Can view content type	5	view_contenttype
21	Can add session	6	add_session
22	Can change session	6	change_session
23	Can delete session	6	delete_session
24	Can view session	6	view_session
25	Can add bouquet request	7	add_bouquetrequest
26	Can change bouquet request	7	change_bouquetrequest
27	Can delete bouquet request	7	delete_bouquetrequest
28	Can view bouquet request	7	view_bouquetrequest
29	Can add bouquet type	8	add_bouquettype
30	Can change bouquet type	8	change_bouquettype
31	Can delete bouquet type	8	delete_bouquettype
32	Can view bouquet type	8	view_bouquettype
33	Can add clients	9	add_clients
34	Can change clients	9	change_clients
35	Can delete clients	9	delete_clients
36	Can view clients	9	view_clients
37	Can add managers	10	add_managers
38	Can change managers	10	change_managers
39	Can delete managers	10	delete_managers
40	Can view managers	10	view_managers
41	Can add service request	11	add_servicerequest
42	Can change service request	11	change_servicerequest
43	Can delete service request	11	delete_servicerequest
44	Can view service request	11	view_servicerequest
45	Can add auth group	12	add_authgroup
46	Can change auth group	12	change_authgroup
47	Can delete auth group	12	delete_authgroup
48	Can view auth group	12	view_authgroup
49	Can add auth group permissions	13	add_authgrouppermissions
50	Can change auth group permissions	13	change_authgrouppermissions
51	Can delete auth group permissions	13	delete_authgrouppermissions
52	Can view auth group permissions	13	view_authgrouppermissions
53	Can add auth permission	14	add_authpermission
54	Can change auth permission	14	change_authpermission
55	Can delete auth permission	14	delete_authpermission
56	Can view auth permission	14	view_authpermission
57	Can add auth user	15	add_authuser
58	Can change auth user	15	change_authuser
59	Can delete auth user	15	delete_authuser
60	Can view auth user	15	view_authuser
61	Can add auth user groups	16	add_authusergroups
62	Can change auth user groups	16	change_authusergroups
63	Can delete auth user groups	16	delete_authusergroups
64	Can view auth user groups	16	view_authusergroups
65	Can add auth user user permissions	17	add_authuseruserpermissions
66	Can change auth user user permissions	17	change_authuseruserpermissions
67	Can delete auth user user permissions	17	delete_authuseruserpermissions
68	Can view auth user user permissions	17	view_authuseruserpermissions
69	Can add django admin log	18	add_djangoadminlog
70	Can change django admin log	18	change_djangoadminlog
71	Can delete django admin log	18	delete_djangoadminlog
72	Can view django admin log	18	view_djangoadminlog
73	Can add django content type	19	add_djangocontenttype
74	Can change django content type	19	change_djangocontenttype
75	Can delete django content type	19	delete_djangocontenttype
76	Can view django content type	19	view_djangocontenttype
77	Can add django migrations	20	add_djangomigrations
78	Can change django migrations	20	change_djangomigrations
79	Can delete django migrations	20	delete_djangomigrations
80	Can view django migrations	20	view_djangomigrations
81	Can add django session	21	add_djangosession
82	Can change django session	21	change_djangosession
83	Can delete django session	21	delete_djangosession
84	Can view django session	21	view_djangosession
85	Can add users	22	add_users
86	Can change users	22	change_users
87	Can delete users	22	delete_users
88	Can view users	22	view_users
\.


--
-- Data for Name: auth_user; Type: TABLE DATA; Schema: public; Owner: call_center_user
--

COPY public.auth_user (id, password, last_login, is_superuser, username, first_name, last_name, email, is_staff, is_active, date_joined) FROM stdin;
1	pbkdf2_sha256$600000$HWoHcWks29ozmpsH8agYXE$o8Sm8TBzUUAbpusOTh89mdQMcMEYJ5r6cS+sCs2YwvM=	2023-10-20 16:19:35.404451+03	t	call_center_user				t	t	2023-09-20 02:36:15.808789+03
\.


--
-- Data for Name: auth_user_groups; Type: TABLE DATA; Schema: public; Owner: call_center_user
--

COPY public.auth_user_groups (id, user_id, group_id) FROM stdin;
\.


--
-- Data for Name: auth_user_user_permissions; Type: TABLE DATA; Schema: public; Owner: call_center_user
--

COPY public.auth_user_user_permissions (id, user_id, permission_id) FROM stdin;
\.


--
-- Data for Name: bouquet_application; Type: TABLE DATA; Schema: public; Owner: call_center_user
--

COPY public.bouquet_application (bouquet_application_id, bouquet_id, application_id, quantity) FROM stdin;
2	6	2	2
1	3	2	1
4	6	1	2
5	5	1	2
6	3	3	3
7	5	5	2
8	6	5	2
9	6	5	2
10	6	5	2
11	6	5	1
12	6	7	1
13	6	7	2
14	2	8	1
15	2	9	1
\.


--
-- Data for Name: bouquet_type; Type: TABLE DATA; Schema: public; Owner: call_center_user
--

COPY public.bouquet_type (bouquet_id, name, description, price, image_url, status) FROM stdin;
3	Цветы на свадьбу	Для вашего особенного дня мы предлагаем услугу оформления свадебных цветов с доставкой и установкой на месте. Мы создадим магические цветочные композиции, которые подчеркнут красоту и романтику вашей свадьбы. Доверьтесь нам, чтобы сделать этот день незабываемым.	10000.00	../static/images/flowers_for_merry.jpg	in_stock
4	Цветы на выпускной	Поздравьте выпускников с нашими уникальными букетами. Наши цветы помогут создать незабываемую атмосферу и добавят радости в это важное событие. Закажите доставку к двери и сделайте этот день особенным для них.	8000.00	../static/images/flowers_for_outlet.jpg	in_stock
5	Сладкий букет	Мы создаем уникальные композиции, объединяя свежие цветы и вкусные сладости, чтобы сделать ваш подарок особенным. Сладкие букеты идеально подходят для различных событий - от дней рождения до свадеб и корпоративных мероприятий.	6000.00	../static/images/sweet_bouquet.jpg	in_stock
2	Подарочные корзины с цветами	Наши подарочные корзины - это полный праздник в одной упаковке. Мы предлагаем широкий выбор букетов цветов, которые можно дополнить шоколадом, вином, ароматическими свечами или даже плюшевыми мишками. Отправьте этот прекрасный подарок с доставкой к двери, чтобы порадовать кого-то особенного.	7000.00	../static/images/basket_with_flowers.jpeg	in_stock
6	Цветы на юбилей	Когда наступает время отмечать важный юбилей, наши цветы делают это еще более особенным. Наши флористы создадут букет, который отражает длительность и красоту ваших отношений. Доставьте этот букет цветов с душой и стилем.	9000.00	../static/images/flowers_for_anniversary.png	in_stock
14	Букет дня	Подарите себе и своим близким мгновение яркости и радости с нашей услугой "Букет дня". Каждый день наши флористы тщательно отбирают свежие и красочные цветы, чтобы создать уникальный букет. Вы можете заказать его по специальной цене и подарить себе или кому-то другому удивительное цветочное настроение.	5000.00	../static/images/bouquet_of_the_day.webp	out_of_stock
\.


--
-- Data for Name: django_admin_log; Type: TABLE DATA; Schema: public; Owner: call_center_user
--

COPY public.django_admin_log (id, action_time, object_id, object_repr, action_flag, change_message, content_type_id, user_id) FROM stdin;
1	2023-09-20 08:08:36.27747+03	1	Clients object (1)	1	[{"added": {}}]	9	1
2	2023-09-20 08:14:13.610983+03	1	Clients object (1)	2	[{"changed": {"fields": ["Phone"]}}]	9	1
3	2023-09-20 08:16:56.06881+03	2	Clients object (2)	1	[{"added": {}}]	9	1
4	2023-09-20 08:17:50.657804+03	3	Clients object (3)	1	[{"added": {}}]	9	1
5	2023-09-20 08:20:43.196194+03	1	Managers object (1)	1	[{"added": {}}]	10	1
6	2023-09-20 08:21:30.209611+03	2	Managers object (2)	1	[{"added": {}}]	10	1
7	2023-09-20 08:22:06.481696+03	3	Managers object (3)	1	[{"added": {}}]	10	1
8	2023-09-20 08:26:12.197877+03	1	BouquetType object (1)	1	[{"added": {}}]	8	1
9	2023-09-20 08:26:53.547397+03	2	BouquetType object (2)	1	[{"added": {}}]	8	1
10	2023-09-20 08:27:34.180083+03	3	BouquetType object (3)	1	[{"added": {}}]	8	1
11	2023-09-20 08:28:16.394585+03	4	BouquetType object (4)	1	[{"added": {}}]	8	1
12	2023-09-20 08:28:56.912107+03	5	BouquetType object (5)	1	[{"added": {}}]	8	1
13	2023-09-20 08:30:16.110309+03	1	ServiceRequest object (1)	1	[{"added": {}}]	11	1
14	2023-09-20 08:40:38.885842+03	2	ServiceRequest object (2)	1	[{"added": {}}]	11	1
15	2023-09-20 08:52:07.467443+03	1	BouquetRequest object (1)	1	[{"added": {}}]	7	1
16	2023-09-20 09:19:39.659229+03	2	BouquetType object (2)	2	[{"changed": {"fields": ["Image url"]}}]	8	1
17	2023-09-20 10:14:29.599593+03	6	BouquetType object (6)	1	[{"added": {}}]	8	1
18	2023-09-20 10:26:10.742229+03	6	BouquetType object (6)	2	[{"changed": {"fields": ["Status"]}}]	8	1
19	2023-09-20 10:26:35.569597+03	6	BouquetType object (6)	2	[{"changed": {"fields": ["Status"]}}]	8	1
20	2023-09-20 11:42:44.113944+03	7	BouquetType object (7)	1	[{"added": {}}]	8	1
21	2023-10-18 04:36:46.348716+03	1	Users object (1)	1	[{"added": {}}]	22	1
22	2023-10-18 05:06:43.619724+03	12	BouquetType object (12)	3		8	1
23	2023-10-18 05:07:04.933075+03	8	BouquetType object (8)	3		8	1
24	2023-10-18 05:27:57.372598+03	14	BouquetType object (14)	1	[{"added": {}}]	8	1
25	2023-10-18 06:05:39.896582+03	2	Users object (2)	1	[{"added": {}}]	22	1
26	2023-10-18 06:07:11.029621+03	3	Users object (3)	1	[{"added": {}}]	22	1
27	2023-10-18 06:10:34.157111+03	1	ServiceRequest object (1)	1	[{"added": {}}]	11	1
28	2023-10-18 06:11:59.994829+03	2	ServiceRequest object (2)	1	[{"added": {}}]	11	1
29	2023-10-18 06:12:15.358728+03	1	BouquetRequest object (1)	1	[{"added": {}}]	7	1
30	2023-10-18 06:12:23.478519+03	2	BouquetRequest object (2)	1	[{"added": {}}]	7	1
31	2023-10-18 07:24:02.442995+03	1	BouquetRequest object (1)	2	[]	7	1
32	2023-10-18 07:24:50.064266+03	3	BouquetRequest object (3)	1	[{"added": {}}]	7	1
33	2023-10-18 08:04:45.408194+03	5	BouquetRequest object (5)	2	[{"changed": {"fields": ["Bouquet"]}}]	7	1
34	2023-10-18 08:36:16.53514+03	6	BouquetRequest object (6)	1	[{"added": {}}]	7	1
35	2023-10-18 08:46:50.228674+03	3	ServiceRequest object (3)	1	[{"added": {}}]	11	1
36	2023-10-18 08:47:36.379124+03	6	BouquetRequest object (6)	2	[{"changed": {"fields": ["Request"]}}]	7	1
37	2023-10-18 08:58:43.883814+03	3	ServiceRequest object (3)	2	[{"changed": {"fields": ["Status"]}}]	11	1
\.


--
-- Data for Name: django_content_type; Type: TABLE DATA; Schema: public; Owner: call_center_user
--

COPY public.django_content_type (id, app_label, model) FROM stdin;
1	admin	logentry
2	auth	permission
3	auth	group
4	auth	user
5	contenttypes	contenttype
6	sessions	session
7	pages	bouquetrequest
8	pages	bouquettype
9	pages	clients
10	pages	managers
11	pages	servicerequest
12	pages	authgroup
13	pages	authgrouppermissions
14	pages	authpermission
15	pages	authuser
16	pages	authusergroups
17	pages	authuseruserpermissions
18	pages	djangoadminlog
19	pages	djangocontenttype
20	pages	djangomigrations
21	pages	djangosession
22	pages	users
23	pages	bouquetapplication
\.


--
-- Data for Name: django_migrations; Type: TABLE DATA; Schema: public; Owner: call_center_user
--

COPY public.django_migrations (id, app, name, applied) FROM stdin;
1	contenttypes	0001_initial	2023-09-20 02:32:02.363603+03
2	auth	0001_initial	2023-09-20 02:32:02.505719+03
3	admin	0001_initial	2023-09-20 02:32:02.562183+03
4	admin	0002_logentry_remove_auto_add	2023-09-20 02:32:02.574483+03
5	admin	0003_logentry_add_action_flag_choices	2023-09-20 02:32:02.585868+03
6	contenttypes	0002_remove_content_type_name	2023-09-20 02:32:02.602413+03
7	auth	0002_alter_permission_name_max_length	2023-09-20 02:32:02.614444+03
8	auth	0003_alter_user_email_max_length	2023-09-20 02:32:02.625708+03
9	auth	0004_alter_user_username_opts	2023-09-20 02:32:02.636091+03
10	auth	0005_alter_user_last_login_null	2023-09-20 02:32:02.648877+03
11	auth	0006_require_contenttypes_0002	2023-09-20 02:32:02.653743+03
12	auth	0007_alter_validators_add_error_messages	2023-09-20 02:32:02.664632+03
13	auth	0008_alter_user_username_max_length	2023-09-20 02:32:02.683311+03
14	auth	0009_alter_user_last_name_max_length	2023-09-20 02:32:02.694487+03
15	auth	0010_alter_group_name_max_length	2023-09-20 02:32:02.706225+03
16	auth	0011_update_proxy_permissions	2023-09-20 02:32:02.71768+03
17	auth	0012_alter_user_first_name_max_length	2023-09-20 02:32:02.732392+03
18	sessions	0001_initial	2023-09-20 02:32:02.767099+03
19	pages	0001_initial	2023-09-20 02:49:30.09842+03
20	pages	0002_authgroup_authgrouppermissions_authpermission_and_more	2023-09-25 13:57:57.892652+03
\.


--
-- Data for Name: django_session; Type: TABLE DATA; Schema: public; Owner: call_center_user
--

COPY public.django_session (session_key, session_data, expire_date) FROM stdin;
q447cu5t032jf79vqdq1g4jpjvvemuy1	.eJxVjMsOwiAQRf-FtSEdaHm4dO83kJkBpGogKe3K-O_apAvd3nPOfYmA21rC1tMS5ijOAsTpdyPkR6o7iHestya51XWZSe6KPGiX1xbT83K4fwcFe_nWCMbzOFoiSkA-TZYnZ5UaGLTLESwb4zi5jOBVVlHprIEUDYDeZIzi_QHnwTgr:1qikGf:DOfr6uDHzCwQmlid6bzuPoq4kuefRLdRPgiP5E2Epnc	2023-10-04 02:36:33.361125+03
sg8zfmwvwxs1jlpha1o8v1axo8yt87wx	.eJxVjMsOwiAQRf-FtSEdaHm4dO83kJkBpGogKe3K-O_apAvd3nPOfYmA21rC1tMS5ijOAsTpdyPkR6o7iHestya51XWZSe6KPGiX1xbT83K4fwcFe_nWCMbzOFoiSkA-TZYnZ5UaGLTLESwb4zi5jOBVVlHprIEUDYDeZIzi_QHnwTgr:1qiqVT:GNrg4bumGj_X1ZGjwHTtilCF51ovv_vsgg55trtUjN4	2023-10-04 09:16:15.971131+03
g6481dxwugixtqd242opyeyk02ivjlo0	.eJxVjMsOwiAQRf-FtSEdaHm4dO83kJkBpGogKe3K-O_apAvd3nPOfYmA21rC1tMS5ijOAsTpdyPkR6o7iHestya51XWZSe6KPGiX1xbT83K4fwcFe_nWCMbzOFoiSkA-TZYnZ5UaGLTLESwb4zi5jOBVVlHprIEUDYDeZIzi_QHnwTgr:1qkiHw:bALdM6BolLJVtOeiUjTV3KGb2mnr2ENhiWXmxrjw4gg	2023-10-09 12:54:00.202819+03
eu9mbi1ym3mvr5b0xt6h0dybhwmnssfl	.eJxVjMsOwiAQRf-FtSEdaHm4dO83kJkBpGogKe3K-O_apAvd3nPOfYmA21rC1tMS5ijOAsTpdyPkR6o7iHestya51XWZSe6KPGiX1xbT83K4fwcFe_nWCMbzOFoiSkA-TZYnZ5UaGLTLESwb4zi5jOBVVlHprIEUDYDeZIzi_QHnwTgr:1qklrB:g4NonOKe-sT0ucREf_177YjAaPD4H7s3Sit2BCWq1Ik	2023-10-09 16:42:37.716397+03
8rq9cfzfzwu34b6d5v7nnk1ywlfqwvi8	.eJxVjMsOwiAQRf-FtSEdaHm4dO83kJkBpGogKe3K-O_apAvd3nPOfYmA21rC1tMS5ijOAsTpdyPkR6o7iHestya51XWZSe6KPGiX1xbT83K4fwcFe_nWCMbzOFoiSkA-TZYnZ5UaGLTLESwb4zi5jOBVVlHprIEUDYDeZIzi_QHnwTgr:1qsvRr:MEBrbXB0zD-qtN5MHIkTdzGVP96prb7RLzaCj6xfEGA	2023-11-01 04:34:11.079599+03
t1jmyhujeh3vhx9qq1b368v440psijjl	.eJxVjMsOwiAQRf-FtSEdaHm4dO83kJkBpGogKe3K-O_apAvd3nPOfYmA21rC1tMS5ijOAsTpdyPkR6o7iHestya51XWZSe6KPGiX1xbT83K4fwcFe_nWCMbzOFoiSkA-TZYnZ5UaGLTLESwb4zi5jOBVVlHprIEUDYDeZIzi_QHnwTgr:1qtpPb:S7iu-eNnoINpsqPE5PEgSLxJA2S9nAZ1Q6NkLyK9kLs	2023-11-03 16:19:35.42126+03
\.


--
-- Data for Name: service_application; Type: TABLE DATA; Schema: public; Owner: call_center_user
--

COPY public.service_application (application_id, manager_id, packer_id, courier_id, client_name, client_phone, client_address, receiving_date, delivery_date, completion_date, status) FROM stdin;
2	1	2	3	Виктория	+76545676554	Московская область, город Воскресенск, ул. Победы, 23	2023-10-18 02:11:36	2023-10-18 03:11:42	\N	delivering
1	1	2	3	Юлия	+75643456543	Московская область, город Волоколамск, ул. Гоголя, 40	2023-10-17 06:00:00	2023-10-17 18:00:12	2023-10-18 03:10:17	deleted
3	1	2	3	Олег	+73453452354	Пушкина Колотушкина	2023-10-18 06:00:23.135106	2023-10-18 06:00:00	2023-10-18 06:11:42.357109	completed
5	1	\N	\N	John Doe	123-456-7890	123 Main St, City	2023-10-18 09:44:59.762893	2023-11-01 00:00:00	\N	formed
7	1	\N	\N	qwert	999	rrrr	2023-10-18 10:53:07.971819	\N	\N	deleted
8	1	\N	\N	\N	\N	\N	\N	\N	\N	deleted
9	1	\N	\N	\N	\N	\N	\N	\N	\N	deleted
10	1	\N	\N	Jora	\N	\N	2023-10-21 00:26:44.51451	\N	\N	completed
\.


--
-- Data for Name: users; Type: TABLE DATA; Schema: public; Owner: call_center_user
--

COPY public.users (user_id, name, phone, email, "position", status, login, password) FROM stdin;
1	Петров Василий Иванович	+78766542345	vasekGrebeshok@gmail.com	manager	working	vasekGrebeshok	1234
2	Алексеев Андрей Антонович	+7123456654	andreiiiii@mail.ru	packer	working	andreiiiii	1234
3	Санников Анатолий Анатольевич	+73245675643	tolik_olik@gmail.ru	courier	working	tolik_olik	qwerty
\.


--
-- Name: auth_group_id_seq; Type: SEQUENCE SET; Schema: public; Owner: call_center_user
--

SELECT pg_catalog.setval('public.auth_group_id_seq', 1, false);


--
-- Name: auth_group_permissions_id_seq; Type: SEQUENCE SET; Schema: public; Owner: call_center_user
--

SELECT pg_catalog.setval('public.auth_group_permissions_id_seq', 1, false);


--
-- Name: auth_permission_id_seq; Type: SEQUENCE SET; Schema: public; Owner: call_center_user
--

SELECT pg_catalog.setval('public.auth_permission_id_seq', 88, true);


--
-- Name: auth_user_groups_id_seq; Type: SEQUENCE SET; Schema: public; Owner: call_center_user
--

SELECT pg_catalog.setval('public.auth_user_groups_id_seq', 1, false);


--
-- Name: auth_user_id_seq; Type: SEQUENCE SET; Schema: public; Owner: call_center_user
--

SELECT pg_catalog.setval('public.auth_user_id_seq', 1, true);


--
-- Name: auth_user_user_permissions_id_seq; Type: SEQUENCE SET; Schema: public; Owner: call_center_user
--

SELECT pg_catalog.setval('public.auth_user_user_permissions_id_seq', 1, false);


--
-- Name: bouquet_request_bouquet_request_id_seq; Type: SEQUENCE SET; Schema: public; Owner: call_center_user
--

SELECT pg_catalog.setval('public.bouquet_request_bouquet_request_id_seq', 15, true);


--
-- Name: bouquet_type_bouquet_id_seq; Type: SEQUENCE SET; Schema: public; Owner: call_center_user
--

SELECT pg_catalog.setval('public.bouquet_type_bouquet_id_seq', 14, true);


--
-- Name: django_admin_log_id_seq; Type: SEQUENCE SET; Schema: public; Owner: call_center_user
--

SELECT pg_catalog.setval('public.django_admin_log_id_seq', 37, true);


--
-- Name: django_content_type_id_seq; Type: SEQUENCE SET; Schema: public; Owner: call_center_user
--

SELECT pg_catalog.setval('public.django_content_type_id_seq', 23, true);


--
-- Name: django_migrations_id_seq; Type: SEQUENCE SET; Schema: public; Owner: call_center_user
--

SELECT pg_catalog.setval('public.django_migrations_id_seq', 20, true);


--
-- Name: service_request_request_id_seq; Type: SEQUENCE SET; Schema: public; Owner: call_center_user
--

SELECT pg_catalog.setval('public.service_request_request_id_seq', 10, true);


--
-- Name: users_user_id_seq; Type: SEQUENCE SET; Schema: public; Owner: call_center_user
--

SELECT pg_catalog.setval('public.users_user_id_seq', 3, true);


--
-- Name: auth_group auth_group_name_key; Type: CONSTRAINT; Schema: public; Owner: call_center_user
--

ALTER TABLE ONLY public.auth_group
    ADD CONSTRAINT auth_group_name_key UNIQUE (name);


--
-- Name: auth_group_permissions auth_group_permissions_group_id_permission_id_0cd325b0_uniq; Type: CONSTRAINT; Schema: public; Owner: call_center_user
--

ALTER TABLE ONLY public.auth_group_permissions
    ADD CONSTRAINT auth_group_permissions_group_id_permission_id_0cd325b0_uniq UNIQUE (group_id, permission_id);


--
-- Name: auth_group_permissions auth_group_permissions_pkey; Type: CONSTRAINT; Schema: public; Owner: call_center_user
--

ALTER TABLE ONLY public.auth_group_permissions
    ADD CONSTRAINT auth_group_permissions_pkey PRIMARY KEY (id);


--
-- Name: auth_group auth_group_pkey; Type: CONSTRAINT; Schema: public; Owner: call_center_user
--

ALTER TABLE ONLY public.auth_group
    ADD CONSTRAINT auth_group_pkey PRIMARY KEY (id);


--
-- Name: auth_permission auth_permission_content_type_id_codename_01ab375a_uniq; Type: CONSTRAINT; Schema: public; Owner: call_center_user
--

ALTER TABLE ONLY public.auth_permission
    ADD CONSTRAINT auth_permission_content_type_id_codename_01ab375a_uniq UNIQUE (content_type_id, codename);


--
-- Name: auth_permission auth_permission_pkey; Type: CONSTRAINT; Schema: public; Owner: call_center_user
--

ALTER TABLE ONLY public.auth_permission
    ADD CONSTRAINT auth_permission_pkey PRIMARY KEY (id);


--
-- Name: auth_user_groups auth_user_groups_pkey; Type: CONSTRAINT; Schema: public; Owner: call_center_user
--

ALTER TABLE ONLY public.auth_user_groups
    ADD CONSTRAINT auth_user_groups_pkey PRIMARY KEY (id);


--
-- Name: auth_user_groups auth_user_groups_user_id_group_id_94350c0c_uniq; Type: CONSTRAINT; Schema: public; Owner: call_center_user
--

ALTER TABLE ONLY public.auth_user_groups
    ADD CONSTRAINT auth_user_groups_user_id_group_id_94350c0c_uniq UNIQUE (user_id, group_id);


--
-- Name: auth_user auth_user_pkey; Type: CONSTRAINT; Schema: public; Owner: call_center_user
--

ALTER TABLE ONLY public.auth_user
    ADD CONSTRAINT auth_user_pkey PRIMARY KEY (id);


--
-- Name: auth_user_user_permissions auth_user_user_permissions_pkey; Type: CONSTRAINT; Schema: public; Owner: call_center_user
--

ALTER TABLE ONLY public.auth_user_user_permissions
    ADD CONSTRAINT auth_user_user_permissions_pkey PRIMARY KEY (id);


--
-- Name: auth_user_user_permissions auth_user_user_permissions_user_id_permission_id_14a6b632_uniq; Type: CONSTRAINT; Schema: public; Owner: call_center_user
--

ALTER TABLE ONLY public.auth_user_user_permissions
    ADD CONSTRAINT auth_user_user_permissions_user_id_permission_id_14a6b632_uniq UNIQUE (user_id, permission_id);


--
-- Name: auth_user auth_user_username_key; Type: CONSTRAINT; Schema: public; Owner: call_center_user
--

ALTER TABLE ONLY public.auth_user
    ADD CONSTRAINT auth_user_username_key UNIQUE (username);


--
-- Name: bouquet_application bouquet_request_pkey; Type: CONSTRAINT; Schema: public; Owner: call_center_user
--

ALTER TABLE ONLY public.bouquet_application
    ADD CONSTRAINT bouquet_request_pkey PRIMARY KEY (bouquet_application_id);


--
-- Name: bouquet_type bouquet_type_pkey; Type: CONSTRAINT; Schema: public; Owner: call_center_user
--

ALTER TABLE ONLY public.bouquet_type
    ADD CONSTRAINT bouquet_type_pkey PRIMARY KEY (bouquet_id);


--
-- Name: django_admin_log django_admin_log_pkey; Type: CONSTRAINT; Schema: public; Owner: call_center_user
--

ALTER TABLE ONLY public.django_admin_log
    ADD CONSTRAINT django_admin_log_pkey PRIMARY KEY (id);


--
-- Name: django_content_type django_content_type_app_label_model_76bd3d3b_uniq; Type: CONSTRAINT; Schema: public; Owner: call_center_user
--

ALTER TABLE ONLY public.django_content_type
    ADD CONSTRAINT django_content_type_app_label_model_76bd3d3b_uniq UNIQUE (app_label, model);


--
-- Name: django_content_type django_content_type_pkey; Type: CONSTRAINT; Schema: public; Owner: call_center_user
--

ALTER TABLE ONLY public.django_content_type
    ADD CONSTRAINT django_content_type_pkey PRIMARY KEY (id);


--
-- Name: django_migrations django_migrations_pkey; Type: CONSTRAINT; Schema: public; Owner: call_center_user
--

ALTER TABLE ONLY public.django_migrations
    ADD CONSTRAINT django_migrations_pkey PRIMARY KEY (id);


--
-- Name: django_session django_session_pkey; Type: CONSTRAINT; Schema: public; Owner: call_center_user
--

ALTER TABLE ONLY public.django_session
    ADD CONSTRAINT django_session_pkey PRIMARY KEY (session_key);


--
-- Name: service_application service_request_pkey; Type: CONSTRAINT; Schema: public; Owner: call_center_user
--

ALTER TABLE ONLY public.service_application
    ADD CONSTRAINT service_request_pkey PRIMARY KEY (application_id);


--
-- Name: users users_pkey; Type: CONSTRAINT; Schema: public; Owner: call_center_user
--

ALTER TABLE ONLY public.users
    ADD CONSTRAINT users_pkey PRIMARY KEY (user_id);


--
-- Name: auth_group_name_a6ea08ec_like; Type: INDEX; Schema: public; Owner: call_center_user
--

CREATE INDEX auth_group_name_a6ea08ec_like ON public.auth_group USING btree (name varchar_pattern_ops);


--
-- Name: auth_group_permissions_group_id_b120cbf9; Type: INDEX; Schema: public; Owner: call_center_user
--

CREATE INDEX auth_group_permissions_group_id_b120cbf9 ON public.auth_group_permissions USING btree (group_id);


--
-- Name: auth_group_permissions_permission_id_84c5c92e; Type: INDEX; Schema: public; Owner: call_center_user
--

CREATE INDEX auth_group_permissions_permission_id_84c5c92e ON public.auth_group_permissions USING btree (permission_id);


--
-- Name: auth_permission_content_type_id_2f476e4b; Type: INDEX; Schema: public; Owner: call_center_user
--

CREATE INDEX auth_permission_content_type_id_2f476e4b ON public.auth_permission USING btree (content_type_id);


--
-- Name: auth_user_groups_group_id_97559544; Type: INDEX; Schema: public; Owner: call_center_user
--

CREATE INDEX auth_user_groups_group_id_97559544 ON public.auth_user_groups USING btree (group_id);


--
-- Name: auth_user_groups_user_id_6a12ed8b; Type: INDEX; Schema: public; Owner: call_center_user
--

CREATE INDEX auth_user_groups_user_id_6a12ed8b ON public.auth_user_groups USING btree (user_id);


--
-- Name: auth_user_user_permissions_permission_id_1fbb5f2c; Type: INDEX; Schema: public; Owner: call_center_user
--

CREATE INDEX auth_user_user_permissions_permission_id_1fbb5f2c ON public.auth_user_user_permissions USING btree (permission_id);


--
-- Name: auth_user_user_permissions_user_id_a95ead1b; Type: INDEX; Schema: public; Owner: call_center_user
--

CREATE INDEX auth_user_user_permissions_user_id_a95ead1b ON public.auth_user_user_permissions USING btree (user_id);


--
-- Name: auth_user_username_6821ab7c_like; Type: INDEX; Schema: public; Owner: call_center_user
--

CREATE INDEX auth_user_username_6821ab7c_like ON public.auth_user USING btree (username varchar_pattern_ops);


--
-- Name: django_admin_log_content_type_id_c4bce8eb; Type: INDEX; Schema: public; Owner: call_center_user
--

CREATE INDEX django_admin_log_content_type_id_c4bce8eb ON public.django_admin_log USING btree (content_type_id);


--
-- Name: django_admin_log_user_id_c564eba6; Type: INDEX; Schema: public; Owner: call_center_user
--

CREATE INDEX django_admin_log_user_id_c564eba6 ON public.django_admin_log USING btree (user_id);


--
-- Name: django_session_expire_date_a5c62663; Type: INDEX; Schema: public; Owner: call_center_user
--

CREATE INDEX django_session_expire_date_a5c62663 ON public.django_session USING btree (expire_date);


--
-- Name: django_session_session_key_c0390e0f_like; Type: INDEX; Schema: public; Owner: call_center_user
--

CREATE INDEX django_session_session_key_c0390e0f_like ON public.django_session USING btree (session_key varchar_pattern_ops);


--
-- Name: auth_group_permissions auth_group_permissio_permission_id_84c5c92e_fk_auth_perm; Type: FK CONSTRAINT; Schema: public; Owner: call_center_user
--

ALTER TABLE ONLY public.auth_group_permissions
    ADD CONSTRAINT auth_group_permissio_permission_id_84c5c92e_fk_auth_perm FOREIGN KEY (permission_id) REFERENCES public.auth_permission(id) DEFERRABLE INITIALLY DEFERRED;


--
-- Name: auth_group_permissions auth_group_permissions_group_id_b120cbf9_fk_auth_group_id; Type: FK CONSTRAINT; Schema: public; Owner: call_center_user
--

ALTER TABLE ONLY public.auth_group_permissions
    ADD CONSTRAINT auth_group_permissions_group_id_b120cbf9_fk_auth_group_id FOREIGN KEY (group_id) REFERENCES public.auth_group(id) DEFERRABLE INITIALLY DEFERRED;


--
-- Name: auth_permission auth_permission_content_type_id_2f476e4b_fk_django_co; Type: FK CONSTRAINT; Schema: public; Owner: call_center_user
--

ALTER TABLE ONLY public.auth_permission
    ADD CONSTRAINT auth_permission_content_type_id_2f476e4b_fk_django_co FOREIGN KEY (content_type_id) REFERENCES public.django_content_type(id) DEFERRABLE INITIALLY DEFERRED;


--
-- Name: auth_user_groups auth_user_groups_group_id_97559544_fk_auth_group_id; Type: FK CONSTRAINT; Schema: public; Owner: call_center_user
--

ALTER TABLE ONLY public.auth_user_groups
    ADD CONSTRAINT auth_user_groups_group_id_97559544_fk_auth_group_id FOREIGN KEY (group_id) REFERENCES public.auth_group(id) DEFERRABLE INITIALLY DEFERRED;


--
-- Name: auth_user_groups auth_user_groups_user_id_6a12ed8b_fk_auth_user_id; Type: FK CONSTRAINT; Schema: public; Owner: call_center_user
--

ALTER TABLE ONLY public.auth_user_groups
    ADD CONSTRAINT auth_user_groups_user_id_6a12ed8b_fk_auth_user_id FOREIGN KEY (user_id) REFERENCES public.auth_user(id) DEFERRABLE INITIALLY DEFERRED;


--
-- Name: auth_user_user_permissions auth_user_user_permi_permission_id_1fbb5f2c_fk_auth_perm; Type: FK CONSTRAINT; Schema: public; Owner: call_center_user
--

ALTER TABLE ONLY public.auth_user_user_permissions
    ADD CONSTRAINT auth_user_user_permi_permission_id_1fbb5f2c_fk_auth_perm FOREIGN KEY (permission_id) REFERENCES public.auth_permission(id) DEFERRABLE INITIALLY DEFERRED;


--
-- Name: auth_user_user_permissions auth_user_user_permissions_user_id_a95ead1b_fk_auth_user_id; Type: FK CONSTRAINT; Schema: public; Owner: call_center_user
--

ALTER TABLE ONLY public.auth_user_user_permissions
    ADD CONSTRAINT auth_user_user_permissions_user_id_a95ead1b_fk_auth_user_id FOREIGN KEY (user_id) REFERENCES public.auth_user(id) DEFERRABLE INITIALLY DEFERRED;


--
-- Name: bouquet_application bouquet_request_bouquet_id_fkey; Type: FK CONSTRAINT; Schema: public; Owner: call_center_user
--

ALTER TABLE ONLY public.bouquet_application
    ADD CONSTRAINT bouquet_request_bouquet_id_fkey FOREIGN KEY (bouquet_id) REFERENCES public.bouquet_type(bouquet_id);


--
-- Name: bouquet_application bouquet_request_request_id_fkey; Type: FK CONSTRAINT; Schema: public; Owner: call_center_user
--

ALTER TABLE ONLY public.bouquet_application
    ADD CONSTRAINT bouquet_request_request_id_fkey FOREIGN KEY (application_id) REFERENCES public.service_application(application_id);


--
-- Name: django_admin_log django_admin_log_content_type_id_c4bce8eb_fk_django_co; Type: FK CONSTRAINT; Schema: public; Owner: call_center_user
--

ALTER TABLE ONLY public.django_admin_log
    ADD CONSTRAINT django_admin_log_content_type_id_c4bce8eb_fk_django_co FOREIGN KEY (content_type_id) REFERENCES public.django_content_type(id) DEFERRABLE INITIALLY DEFERRED;


--
-- Name: django_admin_log django_admin_log_user_id_c564eba6_fk_auth_user_id; Type: FK CONSTRAINT; Schema: public; Owner: call_center_user
--

ALTER TABLE ONLY public.django_admin_log
    ADD CONSTRAINT django_admin_log_user_id_c564eba6_fk_auth_user_id FOREIGN KEY (user_id) REFERENCES public.auth_user(id) DEFERRABLE INITIALLY DEFERRED;


--
-- Name: service_application service_request_courier_id_fkey; Type: FK CONSTRAINT; Schema: public; Owner: call_center_user
--

ALTER TABLE ONLY public.service_application
    ADD CONSTRAINT service_request_courier_id_fkey FOREIGN KEY (courier_id) REFERENCES public.users(user_id);


--
-- Name: service_application service_request_manager_id_fkey; Type: FK CONSTRAINT; Schema: public; Owner: call_center_user
--

ALTER TABLE ONLY public.service_application
    ADD CONSTRAINT service_request_manager_id_fkey FOREIGN KEY (manager_id) REFERENCES public.users(user_id);


--
-- Name: service_application service_request_packer_id_fkey; Type: FK CONSTRAINT; Schema: public; Owner: call_center_user
--

ALTER TABLE ONLY public.service_application
    ADD CONSTRAINT service_request_packer_id_fkey FOREIGN KEY (packer_id) REFERENCES public.users(user_id);


--
-- PostgreSQL database dump complete
--

